TraceId,is_anomaly
85e8d124d052b2c162b466aceff1face,False
cf07b7e85a46a4709f5c276b3b4be568,False
eeff878f573a5220419554962dcb4dcd,False
288c97082a83260996d06e5495419995,False
a169099636ed062d9a24639cdd65ed58,False
5049b917a532f3f7f0d5fa02bcf13e29,False
517a9d78c36d06ea77dcad4b72f30fea,False
dc7365a7bc159969ffdee644da2a4b20,False
e0aa65a4256147d5ca6662199ce7bf4f,False
e46931a4c93541462dfd8cdf6cb8ca63,False
8831a693482e53aefdf51c4975298495,False
fbfe9661f5c9cdee78f8c0141820986a,False
1138cf312894d6aaae52839270a84ee1,False
45fe2b10fe24a35a5a95784e4a77560b,False
c5be3d6304881cdae884eaeee1e74ec8,False
f2455e6dbcdb38e2091b72e0291d7383,False
cb922b395196a0e3eb6b24b795bfdafe,False
571c7bd4f5514a7d55a8d60ca8e67160,False
8bc7df207a7da50f0e809530d3510c05,False
67c8dae0ce1304c2a012913a7e5152b3,False
98fb3308a08c0c4fc517713c3032ae3c,False
f00efcdd8b6a891779b0f0fed5a0eb8c,False
2271852b54b48c3c48a6e86de8d257da,False
12181f80f44ced98d8e25e363abea7a5,False
c10fd1b06501a1df76961d699051e55f,False
ff8370c7d8c65b6245060f364f3bb9a5,False
4f677187a4c8410cc6a7d1741f93ea06,False
00c7ece35dbb29a14a96025ec8f30833,False
43b4784cc6d56ce0e552770012fae6ee,False
be49fd2a0d582cf752a12db18559c0c7,False
5cf717d50e2d4382bf49588ce6aea2bd,False
7b7d90107c4ec8403ac3af87cac8e669,False
6022d29b18b8b4b043efe0a8f1551cee,False
5d71f2aacb7bcb0c09ab19ad8c17a1db,False
a4dbff5c3f578a03b86954e497ff8c11,False
df6fe5ca8a190bdccd24cd8e8a5f105c,False
616771ac67fdd4e2b7f57f0faf5f4400,False
17ec18cb95f79c9be1df0a717b969035,False
ba2ebd52fae8cc837fd53398a3922aa1,False
5702c4beaf9093793fb787383cd97892,False
4650e22509b6fe161a9583d7fc809ab0,False
4a86f937e79090538cdba544f3958625,False
0fe8570702c6bc3e1cfd4ee87d9acede,False
177f811454d45ca255d53f2b2e8492ac,True
646c7aef87e1159138a2d8d47cfda3f2,False
ac70761023e815b06a1d3a5e9548aee4,False
cd948b9325f3c8cafb2f55a6e843184f,False
53e477dde82804166d5a7c022b12d0a5,False
e509dd510ca759a7a004c1fcdc6951da,False
bdf162bd7e7904757be25061611f697e,False
41052d9854d79efbf490aed7e9029a75,False
e18856b84c5585142d06d627f3722300,False
84ecee56d5ea8dd412b9585795057803,False
8392a83b42f192d9f9149a3b1660bb90,False
76c61c64e45a18fa72e4878c4ca73e0e,False
2ca159d04b2705997f685556e74e3d3c,False
beb88d52439fb9e2ab2543df8d8c1f89,False
6b1ace916e380ce6f029aa025290de24,False
8e06cfde87edcb6930f1c10c3151d5ff,False
75e6edf30f69468103daa4daccd3438b,False
f85ef64e254daaffd5f045095042afa1,False
cac6d0fb47d58d096773b3165e57b6c1,False
2e6e64bddcc0deae71c23ee8ef8de3d9,False
67d487070310d302e11ba6ab31efe974,False
c42f3c0945e0e9d34eadab46e50f6f44,False
e82a01c6f572f2ba4722da118a196202,False
3fba51fac4b0f1dbef13cf14463cb8f3,False
b1bbcc71000980bf2fbcc779aa98b605,False
29b991d00f54f1e0a389139d30445aa7,False
6d3e218d3907e32f3b93cd3d939705a0,False
4cfc0e1670b4b47cabe9bfa118c86ed5,False
55015a0b1783627ba7408a333e2e8a2f,False
d52906a7567b6a65cbd735ed8ab6c000,False
83581b5feee37a8235e527fefed3483b,False
4d3bcc019e9d68027d1d25fa3bd4f344,False
b15f8943e90078764ea6364d4f4b7d44,False
bbc3a616b087fdd25d7c67295cb47111,False
1abb7366bbca40e3df53859e28345b54,False
e81b1ffb153d8af0d95127c77bfa96f1,False
565ccc32d7c417f2bd1db2fc3e483fea,True
b553c79c7d9789761596c488c557ad7b,False
64134e0ddcfd267068d9f4cfd04c4a31,False
c3d821a0058757747f55d2ab4ef45a6d,False
691c3f1c603d1db073e078da5138659b,False
5318263b3e0af8d1abbcf0d2d3a563e0,False
69d3cba3152ef59566b8ca90bf17dafe,False
f60ba85bb880adf82dbf9f70bf777ddd,False
28fe6ccf32d7e02ad21d84bfb9b156e9,False
cfc45813182de0da6615826a6c570ab4,False
0d0277ab768e557e49069aa1a57fba5a,False
b6bfda537b298bff979a4d4fdf2a5f77,False
3fe446f5d2ce5bef0a45662363e16106,False
fef1a89ab99be11480bfa166397a3fcb,False
90244fb1b400972f46c1f7ebb555ef76,False
92d9a314928ada69582dffb904dc5783,False
e6804ee13101b6312428c91c1b4d158e,False
2e0382f1a47a4135e1bc325a453a6291,False
47807ad8152a6b6dbfbfd67ad4f709f8,False
7ce577e48218884a23ee8e72b031be29,False
31ab39aa683ebc4dc0433505f2f97b2e,False
90dead2ffdb4394d79e866703b65256c,False
87ca5a3e66c2242188f0dca1f6139ceb,False
97e3c420c370e869553d31883dda08f0,False
89cf5a98f6c8bb94dea05edfa80c1a5f,False
a11f09a63b0d629ca768a9d013224ef9,False
5c4c866de322a8a54d47999473932711,True
a433fbbfb892fa328922fbab596d8b6d,False
9e279b3055cb6742cf94d362f4afbe04,False
275491912e89f3595f6e8f3a4417e282,False
8ec84bae066c67e057cdd177588aa1af,False
02a9061f9880f632204ee62c9b30ac1c,False
5559041fb19f2597c3d95aa119b6406a,False
2fe344bd605fa01fd107a39d3af5c652,False
7e83203a98d6de483c4bb96d96bd0bce,False
9bcba2b019531e4c69c8f56015fc4cf4,False
ce5c7f25bc734128a2194dca4da43f10,False
5e5532331f0626cc1ce26496642a12eb,False
26628d30a6d70a859070347ad43f9bec,False
8a8e8db22a5bd0e5651d32464cd5d3e1,False
3b2e3cf09718ebee02bdba15faf9ccdd,False
2309e44a7d493eb3dd4d4343d57d46d2,False
626552431aa727c6894b433b9e816fa7,False
55b4264b000a2c648d6a8c6e0ec116e2,False
f6b70a8ba70e15da746c3962df77f21f,False
a02414e34748af56b1d9c9c1dee27328,False
d0705ef011343f031628d45c6e129bf0,False
2cd11b7973e1acaa7dd74d37add4a4e1,False
369692a6c3e5d9f121bc35700f26857f,False
fec6a429c3a285b816bf0a6f084193cc,False
f3fc07b7bb98736421c0896d1c361602,False
226ce34e5c1728c2b4c009c3d5b92bc6,False
7e0b7aed14c0fe85117151346fe91673,True
0f4d990df992739001cdcd3d0f899b59,False
4b78daa2ce136b7346148fdcbb90027f,False
2bfe0fbbc176dc0d8337259de18b0e48,False
5c432edbfa3434a380cba1304c295bbb,False
54f77491d7cc5c45e182645210587dd9,False
7f78233cd36a13fce98ea8bf13599e6d,False
76dc5367d87abeee3647136fa8143bbd,False
496d400886fb823c052b88947b6e944a,False
76f6da08f029433c9d50d901a646cfcb,False
2e5c67b5d38c05e7a3c8950b8f4feeab,False
2e84c4fab73974da9b4ab5060a6927db,False
0dd32ef488402f28db1130d025973937,False
235dd362d9620a7b451932310f71856b,False
e937e2e68352dc756f9f346f6143858d,False
3d50292e7376c7440744e99ba4289803,False
77a404fe54465471bc734537d203e377,False
7a8645f750ad905b7b2bb55b1cd41bad,False
c435eadd23ef2566e561e3227f57d646,False
f91f120600f08dd7257be7bdd1611de4,False
7eb19e951b235fff89ff3340a4038650,False
1c90b7b8df6eaa71e6b7012028c7f080,False
ae9432bed2c5d56c65a947261fcbbc07,False
d1a58a198d87a3e63880a1c62e6c997b,False
555a440ebfd2575683008a3c72195736,False
dbf7ab13eb0b3986d88dbfb8c0848f8f,False
f416cd17bc1b46e1b3cad1e3e722031d,False
f453a765b56e891b031bbec020a5115f,False
3dafaccfa7a8901da5da17e22e32d881,False
b2f11ddfa077cc76de7d1c4ad7d1ad52,False
de20758370dde2b15c1f239e5db76216,False
aab1b7111bd13d0c6ea44c3a5916d3cf,False
aa5afbd705b97009f946c4084293fe9b,False
0ab3279e32ae3caabd87c6263d933d27,False
9c6738e060d28cbb0695690913b9f5a1,False
7d31f709400c1cbf679670ed955669cc,False
718309a5bbc44fe86fa8f11d4e898b8b,False
0927553f1052fb5a28bc241662f09e5d,False
9c2effa46a55b272b4b1f4f301777dfd,False
4dc05e49e1f38a00d3c252bd9b2a0653,False
ac7408ca5e6886ddb8cbde9526dcec5e,False
230ec5b95d90208ad18c363f2b3ffb27,False
4a3658d30e011262fcd2bc49f9da22af,False
6b49eed76abcfbb1e47bd4e12576342c,False
e4d2267a1a3b8b251ac29a4d47d64d69,False
07bf49ecf8f8edcf6f1a8a26a4ab1b5b,False
2e08abce5dc11cc132f86971592f2798,False
e3cca442ca6a0f5eb0386012592b6e64,False
e12dbc6a15cbac1b9a632104ab28a2b3,False
00e4b3ef0e813dd43acd5f9539a7cc51,False
d042ad7bc03b020018bee178bb494b75,False
c745186702bc268443a0b0aadd99c571,False
ea3cfd2ba73233cd703333058fed7594,False
f4acf60653ed9f075a548b6fba23ef3e,False
82275b08b7fd89d3690cd0a576cc4984,False
d09ab56b5e5832d602095e2586a5fca0,False
96e12760317daf3f64bab9adbd29555e,True
d6b39b0d93b4718aa39b24ae25ddf408,False
425df761501ec12272fb5dc3cbadb973,False
175f82ff6f6d74631152cb6bd6bc0211,False
18efdc7e5a534e4d6a66219978983503,False
22251dc7bd2722add86d4f2fa70042fa,False
70ced457a8495d87b11ed90f3b1c9f4a,False
ff1d4df2401f6d8956112b57b0bec8b2,False
e43dad215105df7daa739cf184e64a99,False
418633183911d149bc6b59336def23d3,False
832748c13074991e6f0a140dbd175a83,False
8d07f162d7fe5060e3512bbf0e2fd2cd,False
298ea39b9b50f5ce223050620a0eb189,False
b7f9cfbae6e273f08fe43d3d29b99be8,False
d021e9d08b16ec27e2cdee90fedb98af,False
02a58de87decc8726bdb2a8583be30f1,False
a95b670a42b0ee81248e14f968f694a1,False
f9c1dc0d21aeab5fde0651bbd7adc029,False
bda7be1f043aabf5015a4d99e51e0d6b,False
8652206349fd7d2c5ecbb377db5ecbe1,False
25bd2cbfe9ec03f10a0305a74ad6ecfa,False
f91c1a49093ecd78bfd5670d112eaa4c,False
83e2dc8c30bed1aac3bae22b96683e6f,False
789c0d6f6da738e3277866ad1ed96b7e,False
ff1ba4a7783715265eb5250708b78a9a,False
4c4f961591391d92c911548faca35514,False
3f2d6529a71d4d0230637225fc8540b6,False
8d8ced99c9c91b6c87f5fd91f4227c99,False
87d3395f215ba08d8cb22b86ab87030c,False
44e388db3f203b8ce9f26115a4e3f758,False
8e5836cded9c828cd86fb8c57ccf647a,False
b3b1551ebade32e1885d810138f2acea,False
dad07d316789b3f560793c0c3eca5025,False
99c0c3bb40885e51c11c8afd13b079df,False
75437e1d06c1b9a189adcc7dc28a8dd1,False
9af351bd8d1481282483eba319c1d54a,False
e5d29087fce1392520f26702702a0295,False
e6c8b2ae506a1868102e6c137a6b35f1,False
a80715fc949ffe736e7facf000be6497,False
cc6194672111a7dd361a12c0dfc68c7a,False
4f4a7eac886ea0311c3aab1957cead24,False
1f1d48f3800c23466498ca6636d832f4,False
9a99bc88913f549bde06f823b2e72c38,True
8b3d7e2bf2c45518c7a7bd1794be548c,False
d95bd90eb7ecc033ac9c8e09aaac1146,False
397d6f6cbfeb4f6d6afc84a84249f7e6,False
654af44f3d0b807e46eb2385c192761b,False
a641b5e8a8f5fc314730681aec0f25a0,False
1c71bd1a3ce9b4fc737577712f52c614,False
1a24614ca1604818df4174bced9ffb1a,False
68991d81667cad403bef05cc134bb2f4,False
78035144c1f25eb65b575de36dfa76a5,False
d9be5361f73ec8d0360fc028a1ffaae0,False
2a429faf8c979d6f5155f7274b1d052f,False
963d03773dce3ade1c3c29b3452d62a9,False
8a8ea323e42e1ce60b81bba8d1d758c7,False
5c1035679c4ab68f7855a30636734aaf,False
62a0d1149618eac3dbaaf4f9097749e7,False
e0b6ab349f783c8da047eb7031978e33,False
30e8d468838f3116a0e53939e3c2d926,False
ffc2687ab6bea3205f46c9a6f04aa8e4,False
134b4b1358d83150b47bd5c1b4c1a28b,False
9b576cfedcf4757b4ddb650e2ac93388,True
f5f72bd8bfaaa56be9c5963ead10961e,False
8a65aaddf0265c4896a0c0d486d3eb2f,False
3a38f8f2c906c921410e519b2019f8ce,True
1438437b7624501463c33586f1c3344e,False
5b329048add7aa0016aca4c8a0b01fc7,False
f90f52c572f3f9896ab6c624083a22fc,False
f5e983e6b86ea9601936d2882707b333,False
a2e4b62672046cded63edeb86e38af2f,False
98c9d586a958c874fabee169d4529438,False
55c5ed22f1762d33bb1fef3b0a5f06cb,False
5e7b0f8c742aa0a24f66c4b2d7a7f62a,False
f04631712d083fe520d0067812f9de1e,False
8a9b13b3a243cccfd62d5ec3d94a8499,False
cddb249a9a462fb3d56758807bf2b9e5,False
0217ad1877eed0dd8ae02f5f3afb8c8d,False
670143debd2cb76f8d06f011ef838e68,False
8deaf5d3e2ddb3dd06811dc7607648d4,False
c22b8035ce1365199b9d9cf663353efc,False
29aef2443de8cd2edde3f51fb7086ea5,False
eef2c969a4643aea5bda878af5010036,False
1111bc290698c9db738c0c15eb6dbb48,False
0b5605a01d49e7b0b96b9b50f4544ac7,False
ae3ae80d400594ae9f97eb354acf38c7,False
265d9369835c1a8332d3406823a7ae0f,False
a285db51e0042669f9969d2686aff3bb,False
511eb29c2c5e737e85e7e024adae40b1,False
d6eb9e1a9cb9f607c22663ad97195ab9,False
76dbe0f4f1df4f7c64e1633456b47183,False
4d9926615c238be242bd80287b231c77,False
1af6066df71ff594398d16981d9cfba5,False
4e193c90c6f86901d2637bc17dd50f0c,False
eca76576c02d46f898f557747be2f7c6,False
e99f3c32caed80a4be3fcbdbf75ee49c,False
18a9c9778b2ce4c1f18c0c7374cb3ecb,False
5d40f41bb9579d9a9c7040d76e3ccfff,True
ad13583261aeb7b7ad6ebad87b5f7769,False
8799c2538d019ff290e57f2b43ccba99,False
d2ba620e5e84f4c96d22ea9bde2dd22f,False
ef65c768575f5417b35594afa6a00314,False
6a30ffcfc5fcf907f44667b5cdc74dc1,False
8c67275598f7a1a1768f63acf9aa053a,False
8fa05d5aecd93d75db8225856618188f,False
b68e798c335161bd05a57cc7211fd10f,False
0d0fec794d99fb7390288e84ea91be91,False
02f6f2545e281bb3219f003305530b7d,False
25c6e0ce43f7e2a985c8bb4941e41635,False
1d850cd94b830d9e210201765fe34994,False
cc6e63fe604bc45a5e2b640ebc91aff2,False
499899ac310802d3e72828942bec5581,False
37c21d3cf37221f4e534fd8b58d1f972,False
1fd062e3e6810943d320f6d4de8fca0d,False
993bf6dbf51eddc62ca0bf8546b87f59,False
b06148bb10b547f648c6a86af13bc44c,False
aee130427e86364d6b027233e587ec77,False
fdda7594adb86fc0ef45dfa6aa2a1b8c,False
5050c93cb8385080ac42c6c7ebee25e6,False
953d00fe3e653f33c5f7748a619c5005,False
c0a89906e7b255bbc63ffcf91a3c00cb,False
0f15adce37d4644dbd911abf69c74adc,False
f70deba91370bc55c39bbd382d8c8079,True
6d6565cde4792149938aacb7aabef7b3,False
29d5b893d7795b7273a03d25a74b321b,True
d7eda9db1037a3a43feab8da97e40f77,False
6423898839e30fe1b6bcfcc4b450c24b,False
b951452581d0d10e42073182f769a4d3,False
0c27a397fc88582f8467a53756c443c6,False
758af33aa8b13361d160e1de321d59a1,False
9524b5f5d3e9dd1996ff833fb7db6622,False
e68baaaafca96bb9ac2416aef80d91f7,False
126fb88374baa8eb15db78552fa74e45,False
7c5d87296b3d374370d5d3982f1dc892,False
a4596082b59801bbae7bf976d2bf9aa9,False
e3e07cfa21225fb1b786777aaa1ff190,False
4c2d646beb271204bdf61967072fe97d,False
8354caa60751fcba1fe60cd3d7fa5253,True
26bccbf21bcb308ae039967e2ad4192d,False
8f99bd031f6532f67b6034cc9d31fa46,False
cacc7a4f3b770b9301be34ad371954ef,False
f466ce75e94a319e7d38840109e56084,False
170b451bc8aaa268f5238039c6be9a1f,False
62b8d3b6661fd7a78f0512f736628094,False
cd3c670df56949bb311331ba4e1be7d5,False
6374f0ffb0e14d04f26b198c2766fea5,False
772b1c19deb9f5dbcd67efaec3e6c084,False
9f091df28a46f1b36ed8d44e9975a1e8,False
ce2d26994af8eb8fd2adb607729517af,False
02824c06600b1837c03ef404f8204f16,False
9b2625880796feb2e3c838f27b0166e7,False
011ffab3fe3b1f22c483bb5c199294e1,False
171d5594f0efb909e37f52f5a57931d0,False
3c650ed0744d4c70d28af1486dfec198,False
fdacd204f28ced0523e49e17098ae753,False
ed1964d748b23f44be812a8d7199dbd5,False
dd06f700eac4d8257750ec1a98896455,False
f035a2ec7e98f8ef5a23b49ce9a130b0,False
69d9e6e811e35b811802eae2f890839b,False
a795446fc96f93ddaa1d5c65a6418562,False
8b6607ba008a2637f5261704abaa49ee,False
4a4310245d4bb1d175aa87c23c666b64,False
80f9857f0e51d83a80b7c3d7a874cdaf,False
cdfee7566ca6a0e2bee9c0e0e5c4bf73,False
15c2ebdf93af3b62a5b025aaada5f09f,False
4defae538f4f5c94ac4791d4a62f0fa0,False
4ec879c0c62348bfc4b7c780d57ba275,False
670172e6bf7c8ad6de6f1cb494cb198f,False
7549d6f860463506b136862ee6419d97,False
c44c1b18afd4133f87bcaf7a8c2dd578,False
a21c176965ff1dcb09ccfb6b860bdbc4,False
2639585ae5cd935596a9a7d4219709b4,False
d37c57d68f2f215c04fd1adedf088c35,False
893726e3022c4ed88dbf8e5a965d7777,False
cc48bb64a393bfeeb966be6a68f7f391,False
e13132f28859a9ab43cf454f54cb1b52,False
7534e867447840aa991a417cb733c89e,False
3d2a1867fd8f5d3e466450ebba40d0a4,False
1f4ac483c69d8665fc53176d6565d3c4,False
e9cf1170d582c9bbdd47ace9453f59a1,False
7fe4a276e7e1b4696ed8da6e2f5906e2,False
c5e8c529198bda80c8052597cdd3c221,False
3aa26e0460682c9d7455cc203f433729,False
9c70b41e2398b296c55a81b51d16d5fa,False
c1a0150aafd3ce55e7f131a2b302975d,False
e78992c9be897d4790bc8d9418b7f841,False
d0994237182dd45e36a7e0bab02cc815,False
96b8b7218014d40f6df3993865096184,False
243c848851030fdeefa820737e99982e,True
62dc8a7d69168cb69a75d429697ce481,False
a21f649f1d1a7998c5fe12cfd724fb21,False
f1b15d04c4325cf180bbd23fa60e60f1,False
8f19deaedd3f795ec3b182a9c3a873ac,False
fd6cc77f8e2ce86f08a7b56131a6fcf2,False
32bdf12d46b78b398b121b515a8f9398,False
69dfe49c6c3b2f6fa53e862c1ca75057,False
142de915e2f6aeb67cf87530710bdb4f,False
ef539f034908dd588175191cd5dd5eed,False
347f89c726b6d01c23465c9e61d767aa,False
ab39b0a10de0bf3d62541986b6a5e32b,False
ca1137ed20143d87e4d89eec4398baae,False
4616de4e51a8473d5ef63f4e0fa99fee,False
10c94e87e60a8800ce65d14279d3adc4,False
ceb9685b8ab8e996315c318dda1ec6f2,False
0c02c2e460daa46dae32472cc6ed052e,False
30fd59cecf99e31143a6fb2bda31b758,False
d939de35d1524bc3ec71af6e1ce19124,True
aa5f84c9776451ba2720c91da558a87a,False
da5f3bcc438e658f2add249aefa48947,False
ee80501670a930f9968f55413029ecbb,False
c76701118e76df91bd2c678872398f9f,True
7611d988705234f2a5fc21193afcc4b6,False
476de26fe7993c3480aec63c91bbd15b,False
742c5b2b3585b26b99a6bacb7720b76f,False
92aaeb377d81472b8a8a7b51300cd1ef,False
88377dc52a8ad67b24338b8e49f68316,False
3563059d40a5e4648e68d58a84c34b1a,False
ff769b95d0860cb23e1f7f619391045f,False
bfa80aa1abe79a4fbb05aea198a57f85,False
ba9372b8f8246004cb0851132c94753b,False
811ea9f1ea8731ab7a7a2e1bf58b1e4d,True
6ea83628c19839f57b1b047cb21478b5,False
3a8b14a87bbe534401b9bf785f8a7180,False
27fef7a80c10559a430ea84539e1e67d,False
bba5f3b3e908754a5380318ce965a0ee,False
728f73a80c39095b6ec3a670b51ee3d0,True
93293841ed7fc4d9b4c325889f661f6f,False
3c192f5e2fd84fdb6a0064ccccaa9a62,False
6d6fc34bfcd786ad2903ab036bc6af56,False
412c36c21d4827eff547593a0ca83947,False
a97fe4985450acbba9f73e1f17e4020d,False
1af44aa41448f7f181ad24a6a14315b4,False
06bba971b9f20458d182d862d34583e6,False
43fa7ff42d911359e30a604c42a75021,False
e710da7009086837d3fb6917b6f7b825,False
11ddb2ee48bc41c1472055391a193fef,False
b130aa4cd2b32e9c6ec33e1ed81c2bf5,False
56a8b096656861254a56ef1f68e16c0d,False
9a78d6b60360057fbc8ee190bdad5030,False
256addab6cfca81ff0477a76132e62cb,False
bf13ddefe0340a4e77269b1a22d4f7c7,False
f582657dfcef3253c8a0a3636d7e61fa,False
44429edd50b3b72edcd0bdea55cb519c,False
16d06458cd17f8250c4653669cc8e4b7,False
61fb6331e0e1d88104ab6b71e03197e2,False
bd01065f5ab1bd9516574444f0c05187,False
d885d9398abc1e1d509eb66aa614afc7,False
0e9996ed76b27bbe52f8b0fd841209bd,False
006dac0277bc5a4fb7583ee9acb28c68,False
232a8a28dd16ca259462078c1dedc5d3,False
c5b27b132f694bf63b66040ece13bb30,False
b08e0ee11278aebe8087ec1bd3d32fa4,False
67a67394b9b19d63e87cdf506de97efd,False
b311cdddcf2ccf855480ce246e46114d,False
c829bb70c8b68f62a6728af6a9a0648c,False
b74e0c643450e52f989a90314fb2fc4b,False
96a437786b086839f70ab405203bd05f,False
a07d340d858c76a3c395d38abfaa7d48,False
9c8d793bd460283e34679ec0720dbe0b,False
394032659d6d2ae7f082cd7e3e9ccfa4,False
64c3c1633557322b26b6814a0c1704fa,False
373db771877dc9d1c28521eb16c64818,False
61c417155c24a37a7da54e565c04dd30,False
f470ae594cb611222464ff49194be1b8,False
d4ace3f296a49f80c3772fc047e06e42,False
a8a22563a0e16021796d1f75cc9a741e,False
8cfe3342f774001de704e2f3c54a8c4d,True
a01faafe1665db9870209d4343091480,False
eaa3a6a7e9fcd5dbd23111741407dce2,False
3adf9b7e1a67ba05751fdd22e5bde5da,False
05224202b53728a4d89b54d3af528b49,False
48efca81d7ae23f0c54278b5c4d3b615,False
df7e6e6c79891934c23f413b0963989b,False
4318283d65a20a44cbca03013f9191b8,True
89289be35d7e5e65ae9d382abcd1ace1,False
03fa1d2812d28c152863b7da73420d78,False
89912fc7068be13eec748f66fbac54b6,False
c9ab23162ea00d68def3feee2eeecc37,False
ff0dfca8626e62fe3ac28301301c97dd,False
b06b6ac337157838530b6eddf677dbd4,False
04c9b42df4bcf931c1d0899e16be3766,False
a7171a00cccb5cb4c9ba0898190b23e9,False
6975b891cfa1a46e4045651ccbbb6dbc,False
cdce3e593df1c3c6346b54fbd545d9cf,False
22b2b116bf6f52ed4a74aff042522eff,False
3eccbe08d587401d368fdbf653405746,False
3e2995e2d00c710012573e005292ced1,False
88fa12c39148c8ca9a40f3cb552f6edb,False
ac41efe888eacab8b37cde1956e10a46,False
2b2980703400d29beadfb6fc6c4b6a54,False
165bec4c223293fd91aa67767cdc59f0,False
f3b8d18341feb7c83d5cd7e2b2e32393,False
ff110792fc633b6a58144e012f9bda30,False
4819919fb1dc453fc3d51442499168de,False
affed7fe8799a408890905795a45d7df,False
87a9d85519a5a2e7b492c6c24c1302dc,False
2d7f8aa562bc90247e862c8634b73bf7,False
3ce76b2e27efdadda916cd010156981b,False
e8994d9b124c68aa932affdef3e67d91,False
401f916fc141621c8a30567cdf3dbc49,False
9326c8644984b82ba0a20aa058fd5bd1,False
4f7640dab6846c55e1c9f0a3043e8094,False
0c3b20a7612979cc01e8d9c641a41143,False
fcda8cd4346792c661f99495e78d1bb0,False
400b05856df8f383b2eae7db830fd1ab,False
87ce9587169824152e90feba229e0e84,False
c9b59f71888197a9ed375b4bd3d3228b,False
f8b6aef4feb6e103eff6283a3a0ebb2e,False
6644124547721eadb7fdbb215d3e4017,False
8f3aeb1cbff9e43e15731ffd79b98712,False
7e22bf5dca1cb92ad785595f79863b70,False
6aac534dc9318c55b4c4a200fdc5da7f,False
6ea2f8b88e910d8b799daa639b3ed7b6,False
c29437bc0019b68b1d2a48206ac163e7,False
65a52f14fd91caaad2012c2674918c2c,False
1b2954758e500e285c610eee77623c53,False
5a79059a2f7f6341e56546864ad30764,False
56595693dc1a64befa614f58c7b4c484,False
b3d2d4205e5ee69790464934cb480899,False
b97c350322116276da4e4a783df62e48,False
9091f791f6c6838a17a6d978ff148edc,False
0c34a50842611584e97cf58b8bbdaf38,False
dc55a1975e1d5526085c1c0b754c763a,False
5c7aa5a2025bc778a6117bacf670e185,False
b19af984dc06dd9a4a3f393214a292b9,False
8f8f5bb916cc01dfc44f32ca59678f35,False
a2768078ab9c4251d24414a31e8463b7,False
c7fbfd34910cafbb4c6ec43b765ac3b0,False
8b2d1de4aa139bf477aeef2552b70ee6,False
dfb681cc7e1ba54caa5c776ab448c3dd,False
8edfd514637da226fb61ceb452b7a6a1,False
8da88f0f3cf9447eb70f2cb8497c5077,False
c7e951d04589b4ee4331952aaf50d906,False
de6919be1cba5fea6dbe6517e40bc14a,False
8e56ccdc573c0097d9f3372132491e8a,False
d3b710473675f36b0adfa29ff55f8034,True
e019390b57a493d6957375b7dd2df693,False
9dbf89a9218d3b86455e7717ee61dbd0,False
92bf9ac20de70cec4386447a8fe25e83,False
931432f2d7c2bd7c52bf2b8faf4b14de,False
c1e02e8d1d3fbcf0f3eb0ac36037ef22,True
967566ea7492b9f312525b7d59d4df8c,False
55f27d0dc8f345ad024a9c4eb2d3f0f6,True
ac1fe2ab47114b89aeca70c066508a39,False
1af37b8a6248359316e3860ed80ba21d,False
47fa322909f8d7d4642bcf117bc74484,False
7156696a638259f4e3f95aa94d080c61,False
1bab47cc9f5780fd312e9deb59d02900,False
59589a0eac8af309cd9cda6f61d265bf,False
67ae82785a1bcc99aab0b9dca84116fd,False
be8881cb238cf74ca67f2afbc4c9497a,False
ebac492cd12cedace1337f22fad9f96a,False
2664694753bf66f596bf275047284d00,False
ac0e59075959a7b90423614ff2a4aa9d,False
ed11081084fce841b4b7bf51c54363dd,False
df1e8bbb7bb960207d4b3c179d6cea12,False
7c892c01a559e0be52aeb11ff3af5c5b,False
c3a9418ea812d19371414e7c14a84e8b,False
e22b92a52480e0ab4cc74cc00c629b19,False
8ece84bb8771f8920a8ff2687359fda8,False
8b68c6eb7e3429cd6a0edbf0ac0ac55b,False
20fd987b24813b94046f0aca49c35f2f,False
92dffed0e38389db1983750b1c7fa911,False
cb4c022122987cd49685b66fcf0e37e4,False
8e6996c692287c04c20a087ec70952b7,False
4b88febf6bf6f13186c08aa95e4e0609,False
6d62514b3abae2a68c08ca2fee5f9990,False
b54724cc3d62ccef681bcfef7561d2e4,False
94dd2b4460c270ecbbdf74c63db35c82,False
ad147d9cf6c2071d6fe83661d08f4d05,False
6a78ca9a0e4c9def5ec58d06b3a17bb5,False
44657b3ccd37246fb353e6927add2a08,False
40f5d158bc339056fd42c16daf727335,False
ce712c288f665f689cdb3aad486dc598,False
c19898c8a56a50627150cba08efde863,False
cfde8a8a3fdc3a4a39a97771a4dcb88f,False
8e821040e942a4cf5ed42900dc8265ca,False
2c377e2d8190d5d8792727b33a1f23df,False
8208ef82f5fde86748977fdb030fade1,False
3023e3826bad81e36099f9a16394b976,True
e7f9c545ea23a14d8114ed121799c61a,False
64d87262aa7333dfa897e62819a7e348,False
73af8a2fc5399851435fba20c41287b9,False
c5f4531430d78a51a171a364b84db5df,False
5aef1ed5b79b2ef6d33529c23fd2f44f,False
6181266a3a121935a51fedeee0c8ed5e,False
d96dc1f129933667e31a9bd20f61d992,False
26559b0797226cf0032506f1cc4fec79,False
37a8b20de38b120c74f9c9e13f9a0e4d,False
361a5b7ea53528b031a1c5eae4a6e326,False
f1e374efe81f854c2df45af03623811a,False
89c082fd1f9b576bee9033deabf130d4,False
7220eb12c6743d3c4d580ebec4dbee2d,False
5f1bb9bbadbcdf842fddf497f34e006a,False
05d1cc442a3507f19223cc77964756c4,False
cac3eba3f9a1524df9eef6edacec145e,False
c84228c0d82b77d3b2ab736d66f33ff7,False
aa77ad2fa25a1a007038eb32fc401a20,False
c605a115a255093eaad5e868a8066751,False
523d681ef67973a73255a6ba319f4475,False
5bd2e8905e5ed908b741a9dbd13d1e26,False
99e41af821b22603524817b597c9d57a,False
05bd4afb9ea40524826e75fbf64dffec,False
adc43331da28be08b9db1305a0c9e1ba,False
960efd66a3a78dfda43941a7916b6f17,False
d6da9d693b9d7a6d786abfd68fd22217,True
b049a01437d9e53559cf628069dd55ea,False
d14b66a540be91e8572574b82cd9d353,False
d11eb9dfee6de840e24baa921234d317,False
0fc38dab00efba67d3b736fdb78606c3,False
95a358180a6d8321f6a593b3d2591fad,False
2aaa0dac50615a80408b7db665384ac2,True
d8df16b569b8498644f2891c8d69d6b7,False
ca37b4fd5b70f62500a3adfc33668be9,False
caaf22cd17fc156d998bacd37f24aae5,False
748bd991eb492a414636a0017481cc84,False
0cd4e5d372991349aef48763a9c07be3,False
75c069a8c441cb430cf1e0fefdf0828c,False
8a084414dfc9456de5e05c2fb69b2929,False
5798c7813d380e5e9bb7e5731115e68f,False
bab75ae7fb67b32ffb17ba59eb27b9e6,False
a7fb5489c226ceac63a24baf87c2192b,False
40e152b8895c2025e17278e55eed76bc,False
807fecdbcca279b59bed509acb78e46b,False
2dc097ef2585e6f8300d70d0598eac74,False
8207b2f30ed1c5f29b8bd703894e52d8,False
7527ef9683b209e526f1174b126ab853,False
a47a8812d07e7b00b2956688da86e5d8,False
2f1a98ff931122ad4a0e8e2b7302a90b,False
a919696ed44323ce70bd7ce766af9798,False
98c8c485e9f3feb82642d304a6ef9210,False
397647c7c7d046c91293e3aecbbef798,False
5e3949e9bf2d9512474b19018fbde897,False
b6e0d7e6e4a939d6d071b112575a881a,False
0b0f7ca37b1fb1f118592da5bfd7281d,False
4f16ddd9aca983e2a7ba98aae88875e2,False
faa0587f50366540eaacd8811f795e36,False
eb919b8767d4555049b19bd2be5bbefa,False
0a9c7138d66c7e56ce6da9e9eb4c6497,False
06076c02725f8c21b44789770f788e64,False
d591d0f7ebd5954a9142c6bdddad4307,True
b3c82f0b4defcfef905d9fe4af381671,False
8cc293d163f422214f19e45c438ef386,False
6015130b0e629d3559c332a32a45999c,False
37b5da60852e3a8e985203ac25b6d8be,True
59ca1190b8e3835fd8cd480e614ee340,False
4987d295b2b5a384aa325f00ac3df704,False
5cd247c59c7c4ffee1b9cfb96b965024,False
cec0a74a0732fd9a29c7d9253de5976f,False
167b7faed463892a4362185873bcb536,False
1ae005de80b76d9d494d7ab2f1855e8a,False
e53673c6b354e3ebe419812a7bd450f3,False
43f36e72657dde2799c8822909c20ef5,False
b7abbea8f540fd01492c837d3ebd3f5b,False
bac97b7841417a6c546a9d11c2d7563b,False
5398d563ae933f8cb6c1b23b20730e61,False
5f05a29bb687f81a59d0e242da6a5392,False
f5ac2d321601b00320d9a2888299124d,False
6941d1f2bd9023d32ab54fa1f7b8db17,False
7f21dcef9a0a563fb18930017e0ac762,False
64de7b0c48f96bd29d3853a9cd089ecf,False
24046bed112cf4bc9ec863727be6f3ca,False
4e7c4e4fba4ab74ad0fb4e4128c14903,False
ff5fb03ab01c8ce7e2f880ebc892b9b5,False
f746e796b7566c1e413306542f9a23be,False
f844be3aa77aa32c7f3270b1aa1639d0,False
237955641068aaf63bbc838a5394cbf6,False
e55cb41bab336f89a9ab87184298297b,False
97207440d5840973f7c8a8984ee3620f,True
58f334316d488b1548672e51a89f5909,False
58ee18c32389a18b9c127d80cd526d2c,False
0aec6b7e7e376a7d4b3f4733b764e1c2,False
79ea708bc1252b39a72ba821e1ac375b,False
e09771cb5d6d4cef6c327de626e01ab0,False
19c01bfb0b11000358e18eefa661c9bb,False
575f7f00ea5509c212171d893b7256df,True
d608736bb25d2c5a4e2b0c5c441c7e19,False
a7ad72c91f5551056aca2a1e6fab77e0,False
f2a70ed02e4f2d3d8b054c52144ec217,False
e8257247f326353987914b71523dbd4a,False
f4a6b952a622d17ef8d200a61bac2242,False
4ed5fd21b5781668e05cd27512c4b9ca,False
4b34018172ad621acf368ebe3bf67537,False
23bfc1e21c5a0ec53cc8b974e0be8b8b,False
3503344d9d7f24105956c20f64695f2b,False
a5eb550f061ba7d8d8cbb1028087c605,False
a325cefadd2aa709a9505bf21a326660,False
b4d9c136390546aba27f8b2706b52f83,False
9ad7a396d7bab295634416b98380aa30,False
0c80795e1da61da28f4411bec0fb9a8e,False
16df7c8eacb11fd3b6c3eec2565e0be4,False
8795e27497b111ec7f88c7ebb5361806,False
b7c1a353594c4eb6ffa3a04f7af40778,False
154d3535baea72a48076020be271b73c,False
618fb52262700e2e328818be3124b533,False
94bf26736014549f14ad65e385f12bab,False
335cc02be9a11017b39a33b4039cdfcf,False
0ae59cf9c36800f34b715fa8ced814b3,False
bdbcd4f603dd7253a3e0520c26dfc4b4,False
67dd7abd6ca036cb7166299f175c846d,False
90de4a80f089387a6e583c3112fb3da9,False
25eb272e533db103d2e3330aad828b86,False
b3969735f94f63bff246172d074bf739,False
7df70fd8c8fb6c8a0d89b82b34e41ee0,False
000281e1306b1aaa01c25e33ae1aba4a,False
358de49fc8ea95d62d3d8c068698bcf5,False
c1f311ccabbeba646b18c2697730670a,False
a8d5842e7e30913ca904f74afaf6ff4d,False
35b6ce1d9c7e27e54822158c9a76141d,False
d48558c842987a6c2e96ff005e2abeed,False
33510656a1e350a5539da6014be9e503,False
1b1a4586d3f7779b2ba37b15393ce492,False
da6cb5545131fc837aa92801cbd0c241,False
07cb0e2b49197fad66e1b28e7a95413a,False
ea5b0558dd25b17a9f80a333443a3674,False
6a05e584fc6d9931ea3c5fa8ee7ad035,False
f132eacaad20c20054c764e207fc9b2a,True
de2ef7d111b280477104330784d2a61c,False
9ab4148ce6a77276f97cc45b703f0d22,False
f1930aeead1e0bdb42b6344137502ec5,False
02f0f0b1ba5e9550dd91fb5c005f626e,True
12ce65be56904419abe68de93f7b7e4d,False
d5d5727bd60740cde6b32d3be749996d,False
f816a2eb28064b26e4f24882e13e14b9,False
4e20b1d861bc3ceb52f7555fa341d361,False
abf72e5e4032d37cea481d89f80371e3,True
5dcb355f80327aa2504d1ec250b2e297,False
85e78c6282e89ca4efa6c93d61c210af,False
ee4663491b02bc5ec61b8b572ee60cf4,False
ec9afaec089e6dab5732732a6f3e5718,False
4ba370f7200ff9a81da51c540168b02d,False
2edcf15b011d49d973aea92e1a51d76b,False
cdc4b7353cd72d5e254418b0be722fad,False
5334166da7354b0fb61c95dc07bc66ab,False
9bd158b1f4fb3a61e0d21ca8e7c98d62,False
fd28117aa95628d45915e1deb7ecd9e7,False
02cea0cb0c3d4453ba1efdae421b18e0,False
2b29370b0dca98b0e35016864eeae9f6,False
2dda56da9e1a5106ab9aa5fde6e962ec,True
7ddea07f014d1c4390566c1880af6f51,False
b57ce2435380942c38a3644edb1f9ed5,False
9ec694ebd33429699456c3d33c30a428,False
3af210934cde47660dadacd40f31379d,True
8df16dc1e7b8d47515fc2cbcf2fb7a80,False
ce928469142cbdf1438a9c406db0ac3f,False
f1740d777f6b07d6941bf6f71b43f741,False
6c38bcee88b3ecee35296573bfe5f6ec,False
ea1b2a7d6ee1aed88eb0af40fb3d3fec,False
c0c7a7ede9188d8130fd5faa065069df,False
cddd047e81d5e36d060aad2ec8dcf201,False
7efb495cba7d0d6fc8efb16fe7cc9ed5,False
3a883b4e1a2f8c650c1527a3c5dd9957,False
61c22df38df9e8373368d10ce0921846,False
f01911bd7a514768a716bdb4bae1e3e4,False
222f93590b816102f94343b71e3ae57a,False
ef18d4246fb84ac2b68f9d306eaecce3,False
f4efefed6b32aa158f1a6e28fcadc4f8,False
35fed35d46ed3b1c1fd45591448f3271,False
949450143249247adf17d548713b4e31,False
da17d32acc8bab7a1eb022c96bbf0faf,False
5bdecc761271e81a7478ead72f894a9c,False
0f791f01c7993015d5a4461220aa16d7,False
d8eb035c93355b21f102ed7ff1acd011,False
584eb58a76dc74f17ac07c2b2c9d7f01,False
26e2adb4ed25319d36f5ce285e45e447,False
9978f182431c4351a028c9bc8ca57978,False
11ac26a2a32500c9974a319f6e621638,False
01a82fbed2e45caac2d72a29dfe7fe52,False
b5321ca9dd82a3211363b49db49dcf09,False
5a5ccef2e1604a79e1026b440ff6e742,False
df8d136c41cbb4f208e7dcc9a864aa32,False
d38684c5a3699c5716226efcac73e265,False
5c12aa7702d474f83f1ca876a33dbe93,False
c1507b1210e134f24869b2bb692a221d,False
0dfba98346572a4b95f3bad9367a7510,False
6921c8461677af3d8fec4777d3d74347,False
3047b303a778b6ace8be984e7d32d750,False
6ba264c4ea3c9bab1960020dadb4d099,False
d9dcfcb1cf27594778baf739e3abf673,False
f7993bb50e365de17edb5de91addd85d,False
b3aa3c264f42418d84c2f198bdaf633a,False
86078adbb7f81060b5c3ce7775488557,False
d32358a25f09d86194cdc175a28813d0,False
73c4db97444d22341b804df57ab085da,False
1d71d1930b6ec5c80f310d2aefedb09e,False
6b330523c0afb0e1092218e8cf813336,False
e6b7f1caf527dd13e3006834750d8598,False
3ec8ef6cf395864451a9412aa7f607f1,False
21e81d0ac5365cb95262e7b9c35f3af0,False
04c3774b9f25e7aaf39c0e0c6a2cbbba,True
4f60b553b73bdbae425b7ada1291c78d,False
1a08bf7b6d3c3c88f27642f93d38f907,False
b8036997800cef8a85570c3265091f69,False
422699137eec904fc245ce7e7eb2631a,False
857e76d64254b245de2c22300422fe0e,True
b5c49e62c426a6379ff1af2f6c3c811e,False
d5116c5dcb3b8316fe07fbb050310423,False
e41528fdb779aff6939c433e4ddc054e,False
f1c0ece441fec0267bdd206c1809c8f0,False
389937e8d54816e9d8d276026ab95fc5,False
882258ee4db0f96139f8bcc3db61265a,False
fc169811bf57c8f7ee3da30475fe2932,False
cd40e2efb96c23c30b50c705ce9ddab0,False
65ff19c5df793780069436485eada2a4,False
6b895c2324a31f86a01bc97c85f1b3e9,True
85abd9ada3e2d4c561b1a9540645b5d1,False
848bc4499bc57c98df27e76c51514238,False
42c45d68317713b2792b39cb6cb068c3,False
588416f0fea75ade3d74bb2702a45b8d,False
b1e71f457cb1691552966d5ad5ac1f7d,False
d20ed6f7d36393258b4d1183ab29281d,False
3b4556ede2fec2ea1f6898a3c39956a4,False
a2c28ebfeaaad026ea38dbdf9f2d4625,False
99cb351d26b15b0d9c426da5725b592a,False
7329b151a9f8511f1076e6df07e08eb5,False
e1e70f626b736b6b7d1bf9de067a95f1,False
2b608977ac4140f6809287c94fb84493,False
a398ab81cbaa5eb6983f0838363f0fa4,False
aede72321364594b485f9cf515502c38,False
436601a2c3566a2377b846bd3113bd76,False
19db7eb72bf8c27b62b39919e7cfcab5,False
3341e52a02cfcefdd415ed8015e39361,False
c56702d4476faf15f6326e6bb357141b,False
750b149118e1e73ab3582a6156b47912,False
1b10f3f5b38b868fd7a55a8855bafe6e,False
e7b2f2041d59449426b0277fd6984b89,False
b27ca35639479d95563010eea9386a14,False
6c16b34bf86d6e8c2e67422c69ebc50a,False
5bf9ce0bf9da7ecb6c86fa84c68c0f95,False
d142233d9e7c5ab8b90a60f75fdb0636,False
cd015c0c4a8265506543067ba4991ac9,False
31482552a9e04d23fc5d1a425feab38d,False
9b84dbcbdc6f59a957764a9cf7413734,False
89e40061cafd134ede9a09cb05072f69,False
ea1ff89229df0091d8356033463c77f6,False
0d8773ef9d1ae100bfaa0998d40f6a90,False
077f004dfd12d67910c0efa9c56e7127,False
dbed1058e518512e7c76b9316d597b1b,False
341433109d56b4ded3549368013dc358,False
d8a5ff32ae7cb32090cdaf39ef528fe5,True
bbda7306cc78e97b85c9a348033c28b3,False
68074f1a993d423ba82fe321e9b0b7e3,False
7f3f9c5cfdf2f2b01f700e4024970ed3,False
4f6b47dbda0ac7929910fe3dd04c8e5a,False
fde83700e505c3a62216990eefe253a3,False
7ed90df44004439e103f947b09ec6be4,False
739d7d94f3b9f548164bd959c3012b34,False
eebf1ec702c7110727b761bf03fb8467,False
dea4432bf27b794ef04f93884a1170e6,False
163e77ee2f75327a8fad9a0f1f0570c0,False
96130c38966b51e2570e5063f63d78ff,False
ed417177009544e5c6757171e6aba45b,False
c1d14e0bf82a1cfc7b5eac6a5fb8a8c7,False
499e75a65128872ef5ecee708631003e,False
9b80664e34cdd2b6c5da41bf0bfb39d2,False
283ef0737befe144cf935a3faff916bd,False
d9bfcc5903b13143abc8ffa67288aea9,False
0593c485ce0f39f9d92a54062fcebfdd,False
e66c76a4ebdbdf42e65f10d28c763788,False
3137924405cfe02166e5b7f754b208c0,False
5ff7863e251ffab8afd80f7c921ee3da,True
26ab31ffe457469899d9f484c90e94e7,False
a64876893949af50b3cdf4e4c1f36d2f,False
a5e1a092370b9dfedf1124a235381d13,False
c15e901b0f186d1c91e49027f613144b,False
2bfa893c582e67c81eaff6b60f014cb4,True
1770ac0375537a1c600a4120cc754a20,False
9ca59db5e6e242278cc1f8ffa5b1e647,False
c6066ef7b246c14b14a3a524aed22b04,False
e6850afd84d6289684074fcebb004ccb,False
a5a1b988f7c7b09f2c58206dc295309b,False
18378043e34f5ba709ba2070321a671e,False
358bf3c90afd1ff70828bee4cad2af5e,False
47450b74cba5f9cfbc836edb22636fc3,False
c9f6e9255f1518c9d8c99f5e685e4711,False
0542020662a67b45cf1107080c28d7d6,False
bfe5089e2c96749a00852abcbee8d41d,False
72841715f93cc46d5be2430e03a02382,False
9bcbd5b461e31f42cecb5e9850821a6b,False
99016d7e867068e56072d74640cda5a9,False
afaab90c7db73eaec31f3fe18abe40ae,False
5122ac390c0e910f978cda8796a95b7e,False
5eebfcd280d2be57b1a2f7da50d6eadb,False
b0e51637ac3c68bd2eac52322f2ab912,False
9f2d7b3d0c49b292a9d5eac9d69dddae,False
e74af83f62121482223a6a9445a9ce37,False
47e68b34067bee6c9d4af408738d4af9,False
4ba56ead4dc2834ffdcf3d44ef854836,False
d17f65a79ef7b405b0ec38deddbb7bef,False
e6700b183b12403b9d74005e8179747a,False
b42aa0a78e305cc6d04e19ab0294436a,False
eaebdb5fab55c5bc44b4874537cc2b70,False
8eccd7a7dad9a31dad72490efa31bc85,False
31896b4e38cff9b7051fa658bbeb144e,False
97b4d56092a831e6bbce1044eb938ea7,False
4805b7f796e492ebed592bfd10281ff4,False
0b63532fc05f43182d08c822ad2d19fc,False
e8ceb11312a42b70b48e6ab97128c5ce,False
2a26255157fb6f1d2732bdcd9e788554,False
5e07a186ec7a61bc197495771210d9bf,True
098593ce6ec0b8fe7b28e7e9d5ccef54,True
c4c165b9e5fe33452dc43024a45fc9df,False
f857c026f0431e7042bd2f0e2f55128b,False
dce7f01787a9b06eb56723bf1f65d872,False
d18509c5246498299cfc343591d12da2,False
08fcb9ce662ddf974b3c4885891e08b0,False
df573856fc600cd3b8e09ae53da36c10,False
329719810f818471daa86e6a5adb66b8,False
118c75ec5bd91d5f535022bf95a51c18,True
2b0e2b7761bac67c3ff1106c46243fc1,False
30f98ca0155472ea4b906aa34adb4a0c,False
4d0d324cc8b289a6a70557ea9fbe08a8,False
7d2adb012f81592a8a24a37a036e3111,False
f73b35d1411763e8ac837ee34404708b,False
292b6fb0f23dc3f8ac8a356d96e637b4,False
e6dffb40f303993af70cf3aedc32f229,False
7c285f275da4e948c6496580bde8023b,False
add3ff139340caa74fc8d0673724424e,False
1b4d4e237e990a310f2f50cd42d4a0e6,False
3d2c665684d3bc79825e6c27e5f892be,False
fa098505545d5f0c47baea1ed313a215,False
6ddb6073824c8f2760f02202f004c112,False
98939a8b788423c3ed3a49bc90c5dbb3,False
874a712b11a08d8a6d7676af947112b3,False
b33a4f7c7589f48d0d7ecb52398fba2f,False
36ad4c656c5370c241006b9d62f7931a,False
b53672eefa9f203437cb1766b0b139af,True
ba31104bc7ecb0286de8b55e054c6318,False
f84e7de6eed0a9ed123add965f4d71b0,True
bc1b2ac4576f64dde3ee885e558733aa,False
565b54bcb07800eb5664b43c80eff59a,False
63af513e9406d792f91a03b850852880,False
eed60bc76523193ffd75ea3b255b7844,False
61d37a3f236920692ff1a382732a0bab,False
7844ea96260b490f39181074584fda3c,False
f7605b30aa0c26f8ab6268cc87861ee1,True
1f856d44e0c49a30f8b2c3eb2a84c8af,True
3c0bed72cede84fbc06a42dfb8fa1158,False
298cb4af87d9e9da3ec77b89fcad9175,False
83b8790539bcfd23517efdf4e577424a,False
1d281a6f83dd223ff78d2b9c09245ea6,False
8becfe53cd0db100f4177bf659c6fb0a,False
1f5b8dada159695462c540bdf2ceaa69,False
b8742dfdd99a6bfc2d4a9ee79ed0f43f,False
69c112973d434ec9ce0d297ed8dac5ca,False
79c08acfeb2f36b79bda701aae6b17d8,False
46406d976220d85c938fd2a6328ae793,False
513425175aa787f6feb93812a6a4e29c,False
6326531a875f575266399d124bd6d6e8,False
221c2fe5234af67e2464adfc7afc75c0,False
49af871f9c58892b2bc0d00d116db63e,False
4f231c0e60ca945dbab40a9550b1177d,False
c2be9cafb068000d7ee71cbd491a2c08,False
bfef0145360ab0b3d1d5978ace713062,False
3661c46d0591ff8e4b5cea7a234f3b0f,False
9476abd473eec504c2e37b875d5fb0de,False
ef22db5cdeddc8c3080207ed8bf310e8,False
cbcc019b4de0107b50f4d7bb122bcf7b,False
5007d71addd24f3b2e7add1f2d5443df,False
a345ca8677b7a8b1d139c73cae4f70aa,False
f2fc2a38c66fddbc48db3650e3e8edf0,False
6f4e424a503df8059dad43bea97286c2,False
c571f82b2058b9b5c79c89fcb22a6231,False
4852d607bfc0bcfc87853229c4dad467,False
f0dce1f09baf4fb55bf99150cd09bc66,False
74896e4ebd363e9b8e28f6ddc56e035b,False
96164f947d9071ca7c0202fb6ba45c79,False
2c53d913101534b188ea61c64b21715a,False
ebb892b1e0f0ff74ca885aa6f15fcff5,False
990ce39a431fc262db26d67347c4853e,True
b7b9ac9f5f47f6605bf6bb3be694c96e,False
d92ee69c0e9c39d8f9d542e4c29d8fc0,False
ae2b5d45202bd5f331c60dfba192d694,False
c9753464dbf2e9adb37b094972d6c862,False
36e38fac3a49c21f7b015b0802fad412,False
5463a0f54bf4601566c99dd77448b517,False
718f3c667194d97d8bfc1c9f71c7d945,False
c409a16b13626372f34ac356f48dba10,False
abaf08b62dea67a7ea617099333c54d5,False
8c09e9042013682618ed2c3db77a7938,False
4fc32b9ed4f6f2c0a8fbf1c20905ffde,False
8ffc2e75bb64432b51ecb9c6a6c4f1d5,False
7f81a02bd919ece265024400cf2fcd0c,False
3965616ac3b4e7b34333749f73b5d2dc,False
a08bf4ff6220bff996a2b81d64ea31e2,False
6531b03d9d6922a07efa2daee3817367,True
135b0f506344a817fd0db103e268847d,True
ad0a95b89e63c1d001b424429de8b3af,False
c8b475fcd6cfb8845b2d688cb02362b4,False
eec6b622b2bb6ef127c134fb2f424cf1,False
422bef53288faf8b35a70d6831041328,False
c2cef7849cbf71eea2f8b5391990c0d6,False
bf6a4a00bad12285e1390bdc9932bc5a,False
fb09fbaf0b06731998b70fd17962db0e,False
5a687ba642974f4e176e0decddae4fc0,False
fd0108c136198d8836dd069144323cd4,False
42bee2ae7901fd033bba1960d9ed6077,False
fa0b52840ab197fb86104d10e9b4b141,False
6f771d4cb83dd8c1c95d9fa6c1feab5b,False
3ed47f65642bd70ed3c523c1c3db0a40,False
31a60d5886fd99a4fb8b4f01f8954c4c,False
4a4575b983d8177d3a2741484cfb080d,False
a48dbfe172d8c6b58314e4c5964e2149,True
04683bccb0d49d2d0bd8df6cc22c05e0,False
26cef39ccc269d7635634b5bded83fc3,False
fdab43102f603c9b6c45f6f15fb7f9aa,False
16532508c1cea8539f656ac8b1f96b33,False
67d4035c9f9ab7d8ce798b7d50bfe600,False
13ee98898435eea722140d607a4c4dd4,False
f7a4c0dc0327a5b8f397e525f2522a0e,False
05af628faf7f0914f65c11f1c035e276,False
571a3b6e693f3adb77c67f0605aef13b,False
55e015434f47de91d039515d85046eab,False
0fe66dead3e26ef248e895023d179347,False
22543d762488bfa97a384f75c9617143,False
f4cee5fb7089c60d4fbb9925f5ac8657,False
7be04bd79a1c7442b50077e222609e40,False
3923fccc6b83b2c24e23d0488a8db464,False
fd35b63b258d3fdd36efdc245b60b527,False
326c0cf6e9c5b4d7d8968b91b65f0a94,False
b189d3f2ca5ad177baaf6a5b8fb28cc2,False
ca989e15596043455f5b81139ee977a6,False
d6deb2400cf8bbc77c429729a65e9de7,False
d3dd730211ffddc3d5abf5b0b5360376,False
9f58836483928df54e20b0949939a4a9,False
08900f2242f98319f0294374591d859a,False
e80a821ae20c3563b9186ebce990c68f,False
b28f2edbd0d2a5345a1371e1cce7bd33,False
8138ebd6ec55cddbc0bb432cf2075e94,False
32789cf6b07b95562cf3010d6746967a,False
9adf7b97718f86b23a2d35d91a0843c8,False
16549cb1466bad56a4a2cff31ef6733b,False
f8fd9cb0acc08fa8532c59df606977d8,False
8fc69761e522fa1692574931c1394070,False
8029c5d9ced4b947e322cc2af0c893ae,False
339c53e8ed0a692d2b40dc6482c898a8,False
c5de01210a25b25513868cf7ee8c11d8,False
ec9d7e36be48bd95738cbbea8f399cf4,False
2c17af7afe6d393d2bcc4d7138e0765f,False
195e4f3662b7e9879a290463d487a5cc,False
280a41c6f8f38bd00b15905e6056984a,False
d279636e1c513f3d8a2fda6ffda610c8,False
0ecc71e9cd180432744475d58ff1341e,False
1340500324904754b01e24e564f36115,False
6bb2dcb4ecd84b65f5d810463dcd1eb4,False
6ed1edde6568c1318128c0005124e6e3,False
6b7ddb65d7f098a58051e50c58df6be3,False
109909592454c46c589f1558563de64d,False
24f49c0f762e763a2188309dd3ad1406,False
c1ce45fff815a6b1e5f3e6fdd958593d,False
39e0c11da1e2385205c1e5fa67afc921,False
db3ff721bdbfd06e1834daff0e835631,False
a4ad1d5f9cd2d9d5a317d0514c235eca,False
1ed57555b2027b64ce328ad579e7d62f,False
5b9c510aa06ea09db293979ce8f69cfd,False
81f7b15767e74cf7b7a523ef683d1403,False
ede4a8158b4f187e7ee8182a3a156557,False
995e2ff9d573b1dc623a0ca41d5c6762,False
cad04d0f389fb0c22ab378fbc8b6bfb7,False
222f733e43eb43c68ff4c240bf2e52d8,True
2bb167839235a3d46a803bc5681bbba9,False
93a9c68eb02b2d6c476b73b7dcd95e35,False
ba7da068c2fa4a88cbd5d562cb87ae3b,False
fa735512bdade482533d3718b8dbdd96,False
fda25e4b9de1cc22fdd9d9e473db455b,False
a738ebcce0deee00be99f47349732e6a,False
b16dbaad9b9b4becbb3e28223ace62ff,False
52ac9cc7817efbb47928614d243dce62,False
ce073c3af4fcdaf16763a7f3c83b5c95,False
f97a263d56cbb1e8e219bb997578b08d,False
1fe9e68f55f60cbcc1ee4cacd6c4964e,False
46e9264ee2538cb06fbd28ac8a5ea6af,False
9ab8f0fb75a1df9efd41757533538c60,False
e21a728d09511941b7fe6121b3bdc757,False
eacb3412fcca73593af6c603ee909f05,False
728098b9d7c0f7c475e9effcdfafdf36,False
6baf7a5885ae33e468069f801fc4ae85,False
a0144cda03c1118d899c9c9d9b10b58a,False
8d1d7427432e7dd7705732166c0148cb,False
cb28c79e95a14d917dcccc31d2b99d5f,False
19514616c3b56941665f8d6cd99d7f95,False
e2c53e0a56c9838447e4cab2cc3e67e5,False
4c8e0a4f7f7c873a676128070288af76,True
0f1e32ff51b7cc0ba92c5c1f4608f1eb,False
4ca6ab4a6fc061e360dafb7c1654820c,False
9d2630047b6854deaf1f96d02a12cc72,True
c363fdeb88308d350f77620ecf1ffa00,False
5ae5fb0b57712bf2d7ffc4449fdc98fe,False
8fe03089d0ff344b508f25d0899e66aa,False
f1886dbc51a814a638888920db6bb65d,False
450dabf5b072f729db56fa75ef375ff8,False
def4240a99f384adb0f14d70f0ae130a,False
740b463b0f6bfc910bffff0976773750,False
7243adc6b0a75b4a848f05e523db3d3d,False
a3bd2dc40b5e109f1783d038804b14b3,False
73d8d510e20d78d9a7aeae0252f19286,True
ac255a55ba610f172703fe8a2891651b,False
67e3430ea223e0e63e68ff5735c0fb1b,False
fff14b47f833b52437ed419a8facf047,False
eb0477918ddc1c87784c845f377eea85,False
69ccebe84ea66d993310a19c65509c72,False
20ae6b399df1ea603c774c839ceff334,False
2ee1698da58b3dce6d63f3237b66eb80,False
0a8b6cce65201674561ddcf358b9d15a,False
af0db671525ff5ee9de3c9163fa5c3f1,False
fbd7a6ea7d8a33bda238096e14e5c7ad,False
99a66cc460861665bba4e4eb9950767a,False
0c75cbc2703e16d2f606419c1ea73723,False
7c493c0d2d332c169c13562b613a884d,True
e3ed99b4959e22a94d7393a237b1e8f2,False
4b27d7df019030e24b16b7662bf10fe4,False
e6fc94cd35cf329e4a5efae4aebb7f9e,False
f20e34507ef6b37d8f807aff18b02358,False
ac2162eb9518a406208ec913d0e34b61,False
84038d0d1dad7607d058080977335eda,False
98b3bcebcce2a5ab88d30d201395cae9,False
b1bf6eb74756d9dc18a993958c23fecc,False
389cf68c5aa27418f0388b9e7b3225e6,False
e0d76a151c93df00c600bed3ab60fb29,False
90d6110d7bb4255368dc04d2470c09e2,False
ad29be22fc2b025c632dad96ccb926be,False
019f521dc6b0b44d5926bb07c55f9143,False
2b689433272028b58cdd2a8b599bb2da,False
f7e96492ba36ec616393b541fb2871ff,False
408163d6589f676279abe091e33a39f1,False
7aa41fa7b88d194fa9dab21c4371f5d2,False
d2ba966376189f95f9ef4d82cd9e26ee,False
017bb7ef63f1e70ce9e941f4958295c2,False
993b59d22453ce13316581e78c2058ee,False
4b2bcdc5f9dc4e5a9f29001e018e1d4f,False
91c64d7924402867866c4b4a1e1ede37,False
d772e323385c0f1325a81221e11df222,False
1c83a0d7d27198f6c1f3bd156a62ede8,False
7d4a0deb503a33512a1228e255ec6ada,False
05ad4642a97597b41786baa64a6b5de4,False
b8db44eb0dfdca1509c4566f66fb502b,False
ceb987abb4c2f543b8e57de578f9cc58,False
b9257a3f21e5f51555e1fc135793b01f,True
312777ba00fa7cbaeeb43fb33dcc375a,False
33d3e56a48b6a6d4773a2faa0bb22fee,False
dc0b06c20c150d6ede48d45cf5bc13f5,False
ccbaffeeda6b18ef32d6416f4a40e2be,False
d7bc196eefa890b2edf49ab3b6261c45,False
ed3891054eb8192e1ffc897c43f2b468,False
01c33407d0ea90e08b996307a51e8f34,False
8fb5690ed1944b141c55cd5012d3edb0,False
e531dfc0e84b480c510bbde640a415c4,False
c5899fa90aab35f6ac8cba142aa437c7,False
55e8d77dde746b7d3ba1ed0ac973d019,False
54dd71a0f95d70c0be78cc6090190c4b,False
237ac6861daa030c6704992cb7870a1c,False
0784d46a75c6980d3af6ecac6d7c57d9,False
0c89888a7a7c47a5240d441f669841ee,False
04847a1355f842d389acf5b86bc531dc,False
614a766867cc0b01ef74a49ad33a7789,False
271ff0324be328781ab0d2434068d1c3,False
e117f0fdae4b46b276f5e898bb56d4f1,False
7a7b0fc920b4c725f7af99c8448c9231,False
a31c1211e3623132d16bc966a2c3a986,False
b00a991b93c933e54bcff1940f5417e5,False
188679d55e1a3bd52bbb5b90a8fd04b4,False
2f1c06a24e3fb1edeb438bade0f8ca69,False
9f28340ccc05778de581d26cff95aacf,False
10e4ab78e953ab479f46783b42472ef1,False
325587303beed2d1c7c371e5d0744d63,False
a423ee7379c8e9539bf4d98357920402,False
241099a0654fedcce4854624bbf5ce3c,False
35032426b670294ac1957cebdcc38ae2,False
ad50e4c79a574b2284c7174c643347df,False
e4d55205928c6609a338ecadb55f7488,False
7f1bd7091468ed9ed5867decea22d8bd,False
1d8ee28e4a3a09c3ef325e7ed73b923a,False
5dbd681e406137356664f96c3c3977a4,False
ec1120b5a4d8b026a83e9677183b746a,True
5d328e3d92c3e1d2352dad1bf3d7a8b2,False
fc3c454474fe59e8867e9d3970a7dfb8,False
106ea2af670365b17ab92f434ff5d990,False
b161694048cd2956a203c350f4c0c5f0,False
213dcfdc188749b6871dad50df82b322,False
911802e8fb05b8d7fba0140f457270bb,False
a0a8bce5afd942d1aba45355477f4907,False
5c1e38a0458f615d59e0c7b269675709,False
9dbe81468d47949fb67ac7fc49399c49,False
640489b4b71c690d2b0203047baf9daa,False
bb5b9604061bd2f89903a6ccfc0a5327,False
7e5e96c678bb071c68b171b559412b39,False
f347f627da637b997e1605422be3700f,False
68064ce54f8980e700cf3764f658d217,False
bf08375af38c2838b158f6f2d62b7d06,False
fc600e16ca29926f3a2eb709e5f9afc5,False
8e91384694cbdc3a4d240496f9b14e19,False
556667065642a03b82dd5549b4368a34,False
a31ff06ee6b3e3679420a78353b6d63c,False
9471e238339099a28525c375c5267d82,False
1cefdc0acb0b8f69396f93e24152da08,False
be6d8a604c5b67c5dad66189888f0fc2,False
64fe7b24eb47aed3790b26b28bf5a831,True
afc6403d3a8ceaf36e357a96bcc25426,False
c3e1ca30e0cede6c15f000f07796c8e3,False
bc7a1842b7a34c920c43318afd418ef3,False
33dc2ae0e255c1c3547db69158b8ce34,False
f960aa39a17c007fdc9432fe9f7c52f4,False
2dd715881cab619b7c8e63f6b0ba4996,False
ec6b4efb7f2e6f7daf25e4e44f0317d0,False
b7929a6f34c6948c002c1e7f5e79166c,False
3b834ccaa12663733d51428dd510901c,False
e4506026ae5a93547aa21e5346ba3c58,False
b513b1985aecf8ab46de1cee7b09a9aa,False
20858aa63373ca4b55a9df9ba612708e,False
3e749c8930455a62a093e0cc5f860233,False
6dd31a90e4879454259f02821816dd24,False
ce225cb9835aed0e18ec1a2ec35663da,False
69d546d9d079be760ec1525365414e89,False
6b73e842747cecd597753465207cdd34,False
d65dd6aacd314aecc2b0defbe766a5ba,False
a2f1c2b29d88fc7665855f99ab3e5975,False
dce0a869f4ac4386bbcf03ee267e7feb,False
fd35561fc3cba119fed3d927caf5b9c1,False
71213ea4586411a881b5fa938c942957,False
7e40376cc01d5a010ec11f03d8a90a4f,False
0ed643809b31d74da3bc14d43b86f0db,True
4b6c6bfe02ecb79f09011511ded3c713,False
43efb6619e1493aea68b20b2c8a8cbba,False
97125ba3938947179c40b76f5e4ffcee,False
7beb1dc139ca2c0914dfd4eafdc49eb3,False
da20c7f316417c65d333adf8d7dd8747,False
3f4ca68173ef02f49d8c1540b51fe98c,False
3c4a3f4851a204c0e2ef151b316c3ace,False
0a9deaabefb1dd934d2756fc8fbc6edf,False
54a370336d368016d2bec03015dd57d8,False
5dc265654861c4c978a5dbf48d7a878d,False
